輪數,行號,檔案路徑,修改前函式名稱,修改後函式名稱,漏洞數量,漏洞行號,掃描器,信心度,嚴重性,問題描述,掃描狀態,失敗原因
1,1,browser_use/agent/service.py,replace_url(),replace_url(),0,,bandit,,,,success,
1,2,browser_use/dom/views.py,__hash__(),__hash__(),0,,bandit,,,,success,
1,2,browser_use/dom/views.py,parent_branch_hash(),parent_branch_hash(),0,,bandit,,,,success,
1,3,examples/apps/news-use/news_monitor.py,monitor(),monitor(),0,,bandit,,,,success,
1,3,examples/apps/news-use/news_monitor.py,run_once(),run_once(),0,,bandit,,,,success,
1,3,examples/apps/news-use/news_monitor.py,save_article(),save_article(),0,,bandit,,,,success,
1,4,tests/ci/test_browser_watchdog_downloads_upload_full_circle.py,download_upload_server(),download_upload_server(),0,,bandit,,,,success,
1,4,tests/ci/test_browser_watchdog_downloads_upload_full_circle.py,handle_upload(),handle_upload(),0,,bandit,,,,success,
1,4,tests/ci/test_browser_watchdog_downloads_upload_full_circle.py,test_download_then_upload_with_hash_verification(),test_download_then_upload_with_hash_verification(),0,,bandit,,,,success,
